epoch,time,train/box_loss,train/seg_loss,train/cls_loss,train/dfl_loss,train/sem_loss,train/heat_loss,train/seed_loss,metrics/precision(B),metrics/recall(B),metrics/mAP50(B),metrics/mAP50-95(B),metrics/precision(M),metrics/recall(M),metrics/mAP50(M),metrics/mAP50-95(M),val/box_loss,val/seg_loss,val/cls_loss,val/dfl_loss,val/sem_loss,val/heat_loss,val/seed_loss,lr/pg0,lr/pg1,lr/pg2
1,30.8394,3.68962,8.58225,5.69505,4.24305,0.84829,0.85608,0.85769,7e-05,0.09475,4e-05,1e-05,0,0,0,0,3.6563,5.21797,5.95831,4.15702,0,0,0,0.00012495,0.00012495,0.00012495
2,56.5624,3.7377,6.72707,5.72038,4.21657,0.84464,0.85133,0.85462,7e-05,0.09515,5e-05,1e-05,4e-05,0.0633,2e-05,0,3.65543,5.21127,5.96119,4.15421,0,0,0,0.000255674,0.000255674,0.000255674
3,82.822,3.83608,5.98253,5.68634,4.20229,0.84013,0.84762,0.85044,8e-05,0.10016,3e-05,1e-05,9e-05,0.06931,2e-05,0,3.65391,5.191,5.94313,4.14777,0,0,0,0.000383758,0.000383758,0.000383758
4,108.871,3.69145,5.36536,5.557,4.16248,0.83111,0.84053,0.84341,0.00013,0.10278,3e-05,1e-05,0.0001,0.07072,1e-05,0,3.64909,5.09386,5.89162,4.13128,0,0,0,0.000509204,0.000509204,0.000509204
5,134.839,3.70826,4.97444,5.5035,4.12226,0.81808,0.83064,0.83349,0.00012,0.01364,1e-05,0,9e-05,0.00662,0,0,3.62701,4.71098,5.78384,4.09378,0,0,0,0.00063201,0.00063201,0.00063201
6,160.745,3.62906,4.53322,5.47613,4.05289,0.80141,0.81362,0.8156,0.00015,0.01485,3e-05,1e-05,0.00014,0.01304,0.00065,0.00026,3.55849,4.44607,5.69469,4.00551,0,0,0,0.000752178,0.000752178,0.000752178
7,187.044,3.57748,4.52571,5.33027,3.95869,0.78665,0.79677,0.7993,0.87716,0.0014,0.00015,3e-05,0.87747,0.00161,0.00016,4e-05,3.67882,4.82214,16.5634,4.01142,0,0,0,0.00078352,0.00078352,0.00078352
8,214.339,3.53611,4.40459,5.30713,3.81826,0.7705,0.78026,0.78241,0.75028,0.00321,2e-05,0,0.75038,0.00341,2e-05,0,3.50658,5.28875,16.9462,4.06684,0,0,0,0.000775273,0.000775273,0.000775273
9,240.5,3.39018,4.40081,5.16011,3.7427,0.75393,0.76507,0.76727,0.00021,0.01217,3e-05,1e-05,0.00022,0.01235,3e-05,0,3.34723,4.84696,6.63891,3.82211,0,0,0,0.000767026,0.000767026,0.000767026
10,268.325,3.27893,4.45924,4.99567,3.65035,0.7371,0.74891,0.75081,0.00017,0.01625,2e-05,0,0.00013,0.01324,2e-05,0,3.48794,6.78371,34.815,3.90998,0,0,0,0.00075878,0.00075878,0.00075878
11,294.996,3.23326,4.42732,4.93207,3.56115,0.72126,0.73371,0.73554,0.75469,0.00161,0.00019,3e-05,0.7538,0.00201,0.00019,3e-05,3.28913,4.9006,10.4163,3.65262,0,0,0,0.000750533,0.000750533,0.000750533
12,321.766,3.10829,4.4143,4.83783,3.45297,0.70412,0.71676,0.71854,0.50152,0.00381,0.0002,4e-05,0.5018,0.00201,0.00016,3e-05,3.16308,5.24718,11.2691,3.48267,0,0,0,0.000742286,0.000742286,0.000742286
13,348.444,3.10831,4.31263,4.75667,3.34873,0.68983,0.70194,0.70416,0.37633,0.00502,0.00027,5e-05,0.37659,0.00622,0.00026,5e-05,3.12236,4.48972,7.35917,3.3687,0,0,0,0.00073404,0.00073404,0.00073404
14,374.731,3.11811,4.40296,4.75576,3.29541,0.67572,0.68799,0.69076,0.87881,0.00221,0.00069,0.00011,0.50109,0.00361,0.0006,8e-05,3.04817,4.32955,5.71787,3.3237,0,0,0,0.000725793,0.000725793,0.000725793
15,400.731,3.0466,4.28897,4.76838,3.28703,0.66277,0.67257,0.67612,0.62574,0.00762,0.0004,8e-05,0.00143,0.03336,0.00035,5e-05,3.03785,4.27811,5.45103,3.28981,0,0,0,0.000717546,0.000717546,0.000717546
16,426.697,3.00026,4.29818,4.62083,3.22262,0.65089,0.65922,0.66349,0.87815,0.00522,0.00149,0.00047,0.8789,0.00381,0.00135,0.0003,2.96141,4.27526,5.1859,3.18853,0,0,0,0.000709299,0.000709299,0.000709299
17,453.061,2.93189,4.25067,4.55962,3.20011,0.63935,0.64749,0.65178,0.88113,0.00722,0.00183,0.00053,0.87887,0.00602,0.00121,0.00022,2.93031,4.31228,5.06042,3.16076,0,0,0,0.000701053,0.000701053,0.000701053
18,479.103,2.87013,4.22652,4.49144,3.15798,0.63003,0.6375,0.6419,0.757,0.01262,0.00191,0.00043,0.75555,0.00722,0.00109,0.00026,2.91186,4.27679,4.91756,3.17033,0,0,0,0.000692806,0.000692806,0.000692806
19,505.256,2.97719,4.30254,4.5412,3.12089,0.62202,0.62875,0.63311,0.75467,0.01001,0.00158,0.00033,0.75462,0.00981,0.00139,0.00033,2.90287,4.20121,5.16531,3.08645,0,0,0,0.000684559,0.000684559,0.000684559
20,531.101,2.8068,4.24833,4.6201,3.16241,0.61465,0.61917,0.62381,0.63277,0.00413,0.0023,0.00063,0.62879,0.00301,0.00242,0.00052,2.85627,4.21449,4.78342,3.04397,0,0,0,0.000676313,0.000676313,0.000676313
21,557.098,2.86748,4.17688,4.44251,3.05777,0.60651,0.61116,0.61548,0.76676,0.00815,0.00297,0.00069,0.76551,0.00775,0.00359,0.00079,2.88531,4.19363,4.73268,3.03689,0,0,0,0.000668066,0.000668066,0.000668066
22,583.226,2.83986,4.16552,4.42687,3.04382,0.59974,0.60207,0.60651,0.76675,0.01239,0.00451,0.00099,0.75833,0.00941,0.00411,0.00091,2.85792,4.19814,4.61397,3.07084,0,0,0,0.000659819,0.000659819,0.000659819
23,609.436,2.82792,4.19156,4.41312,3.00304,0.59324,0.59551,0.59989,0.767,0.01098,0.00327,0.00073,0.76276,0.01,0.00351,0.00089,2.85602,4.22049,4.64169,3.05382,0,0,0,0.000651573,0.000651573,0.000651573
24,635.411,2.80419,4.16224,4.35157,3.01509,0.58822,0.58997,0.59418,0.63984,0.01235,0.00316,0.00073,0.64155,0.01193,0.00305,0.00063,2.83485,4.25256,4.74144,2.9833,0,0,0,0.000643326,0.000643326,0.000643326
25,661.388,2.76354,4.20351,4.34139,2.97755,0.58368,0.58514,0.58918,0.5073,0.01295,0.00263,0.0007,0.50784,0.01219,0.00261,0.0006,2.79652,4.19806,4.72475,2.97958,0,0,0,0.000635079,0.000635079,0.000635079
26,687.393,2.7489,4.2,4.31177,2.97123,0.57911,0.58003,0.58381,0.50956,0.02441,0.0028,0.00078,0.50574,0.01684,0.00265,0.00052,2.79458,4.14325,7.79532,2.9693,0,0,0,0.000626832,0.000626832,0.000626832
27,713.553,2.80113,4.19374,4.17784,2.90387,0.57443,0.57577,0.5791,0.51239,0.01829,0.00352,0.00098,0.50845,0.02341,0.00341,0.00069,2.79457,4.1238,6.20835,2.93126,0,0,0,0.000618586,0.000618586,0.000618586
28,739.454,2.76896,4.22866,4.18973,2.93064,0.57076,0.57133,0.57462,0.64658,0.01814,0.00631,0.00179,0.64039,0.01335,0.00753,0.00166,2.76556,4.08216,4.43331,2.92525,0,0,0,0.000610339,0.000610339,0.000610339
29,765.615,2.73936,4.08847,4.17609,2.86935,0.56609,0.5677,0.57096,0.64383,0.01129,0.00834,0.00237,0.64383,0.01129,0.00959,0.0029,2.77253,4.07611,4.46974,2.92081,0,0,0,0.000602092,0.000602092,0.000602092
30,791.757,2.67794,4.09182,4.15965,2.85988,0.56373,0.56464,0.56759,0.64547,0.01657,0.00931,0.00232,0.64151,0.01485,0.00527,0.00135,2.72058,4.04527,4.32805,2.84884,0,0,0,0.000593846,0.000593846,0.000593846
31,817.724,2.71811,3.99715,4.15657,2.83255,0.56037,0.56147,0.56444,0.64167,0.0218,0.00674,0.002,0.6369,0.0156,0.00557,0.00119,2.79406,4.04588,4.57457,2.85056,0,0,0,0.000585599,0.000585599,0.000585599
32,843.44,2.69706,4.08089,4.22736,2.82642,0.55935,0.55895,0.56173,0.64789,0.02023,0.00549,0.00137,0.63799,0.01582,0.00478,0.00101,2.73299,4.01209,4.34768,2.83076,0,0,0,0.000577352,0.000577352,0.000577352
33,869.242,2.63603,4.09422,4.10024,2.85012,0.557,0.55692,0.55973,0.65506,0.01598,0.00784,0.002,0.64472,0.01459,0.00757,0.00156,2.71808,4.01514,4.1693,2.86105,0,0,0,0.000569106,0.000569106,0.000569106
34,895.182,2.75714,3.97562,4.00437,2.79772,0.55453,0.55435,0.55699,0.66496,0.01985,0.01473,0.00392,0.6433,0.01686,0.01,0.00176,2.64886,3.9904,4.27512,2.80031,0,0,0,0.000560859,0.000560859,0.000560859
35,921.345,2.66169,4.04505,4.00626,2.79207,0.55271,0.55193,0.55458,0.66926,0.02399,0.01691,0.00456,0.6459,0.01564,0.01144,0.00192,2.63234,3.96949,4.1887,2.79306,0,0,0,0.000552612,0.000552612,0.000552612
36,947.6,2.68678,4.0195,3.86313,2.73581,0.55054,0.55017,0.55266,0.65112,0.02709,0.01982,0.00498,0.63771,0.01974,0.01774,0.00429,2.65138,3.97975,4.12078,2.77883,0,0,0,0.000544365,0.000544365,0.000544365
37,973.713,2.66062,4.04276,4.01794,2.75896,0.54933,0.54809,0.55077,0.6496,0.02795,0.01223,0.0033,0.63969,0.02319,0.01906,0.00306,2.64118,3.9611,4.13425,2.75927,0,0,0,0.000536119,0.000536119,0.000536119
38,999.603,2.65485,4.07797,3.87898,2.73629,0.54734,0.54632,0.54888,0.65455,0.02959,0.01259,0.00331,0.64289,0.01629,0.01884,0.00323,2.60904,3.96261,4.08743,2.74394,0,0,0,0.000527872,0.000527872,0.000527872
39,1025.4,2.64241,3.98517,3.98501,2.78108,0.54507,0.54502,0.54754,0.55672,0.02874,0.0273,0.00761,0.53428,0.02543,0.02197,0.00542,2.58868,3.93918,3.9852,2.74829,0,0,0,0.000519625,0.000519625,0.000519625
40,1051.55,2.66651,3.97122,3.82852,2.75464,0.5447,0.54346,0.5461,0.6563,0.03365,0.01433,0.00429,0.65141,0.03072,0.01314,0.00323,2.57459,3.92108,3.96148,2.74642,0,0,0,0.000511379,0.000511379,0.000511379
41,1077.44,2.62376,3.98264,3.91673,2.75082,0.54327,0.54217,0.54448,0.65834,0.03386,0.01793,0.00453,0.64136,0.02096,0.01321,0.00258,2.55423,3.92092,3.94797,2.72608,0,0,0,0.000503132,0.000503132,0.000503132
42,1103.27,2.6266,3.97329,3.84996,2.71533,0.54102,0.54049,0.5428,0.53088,0.04771,0.03808,0.01715,0.64181,0.01894,0.01294,0.00361,2.55728,3.93075,3.89914,2.7131,0,0,0,0.000494885,0.000494885,0.000494885
43,1129.31,2.55866,3.93448,3.86472,2.68338,0.54058,0.53999,0.54248,0.52443,0.03746,0.03544,0.01721,0.29127,0.11183,0.01935,0.00709,2.55412,3.90197,3.88223,2.68534,0,0,0,0.000486639,0.000486639,0.000486639
44,1155.35,2.61732,3.98784,3.88871,2.6978,0.53881,0.53827,0.54058,0.53499,0.03277,0.01683,0.00412,0.52731,0.03179,0.01077,0.00244,2.58296,3.8829,3.92041,2.68805,0,0,0,0.000478392,0.000478392,0.000478392
45,1181.14,2.57626,3.92752,3.87451,2.71652,0.53942,0.53763,0.54007,0.53823,0.03122,0.01351,0.00401,0.52844,0.033,0.01636,0.00309,2.57145,3.86047,3.91704,2.68957,0,0,0,0.000470145,0.000470145,0.000470145
46,1206.91,2.55254,3.89507,3.86602,2.6738,0.53673,0.53579,0.53838,0.65763,0.03701,0.0193,0.00623,0.52487,0.03494,0.01443,0.00316,2.53134,3.83173,3.90017,2.69529,0,0,0,0.000461898,0.000461898,0.000461898
47,1232.82,2.55652,3.8588,3.73136,2.65735,0.53556,0.53515,0.53727,0.66211,0.04659,0.02583,0.00886,0.64817,0.03237,0.01781,0.0049,2.50551,3.84218,3.8084,2.67037,0,0,0,0.000453652,0.000453652,0.000453652
48,1258.68,2.56726,3.92049,3.69583,2.65896,0.53474,0.5338,0.53603,0.6554,0.04541,0.03269,0.01313,0.64288,0.03393,0.01904,0.0041,2.50012,3.84335,3.77239,2.66987,0,0,0,0.000445405,0.000445405,0.000445405
49,1284.43,2.53084,3.87408,3.77094,2.66516,0.53484,0.53322,0.53531,0.43303,0.04007,0.04783,0.02175,0.4383,0.0271,0.02113,0.00593,2.49439,3.83933,3.77151,2.6674,0,0,0,0.000437158,0.000437158,0.000437158
50,1310.52,2.52585,3.94962,3.73882,2.68626,0.53397,0.53263,0.53476,0.45162,0.05626,0.03386,0.012,0.44828,0.03789,0.01947,0.00538,2.46727,3.8259,3.74654,2.65121,0,0,0,0.000428912,0.000428912,0.000428912
51,1336.4,2.59546,3.88919,3.69357,2.64485,0.53154,0.53128,0.5333,0.43813,0.07652,0.0355,0.0134,0.43107,0.05494,0.02219,0.0068,2.46573,3.80199,3.73524,2.63589,0,0,0,0.000420665,0.000420665,0.000420665
52,1362.1,2.49662,3.93048,3.67931,2.67883,0.53124,0.53055,0.5327,0.42707,0.06118,0.05988,0.02452,0.41319,0.03198,0.03175,0.00825,2.47259,3.79699,3.704,2.64397,0,0,0,0.000412418,0.000412418,0.000412418
53,1388.03,2.53228,3.929,3.68885,2.65347,0.53039,0.52999,0.53198,0.4598,0.04381,0.06916,0.03081,0.40983,0.05234,0.02509,0.00607,2.456,3.79847,3.65328,2.63905,0,0,0,0.000404172,0.000404172,0.000404172
54,1414.16,2.56478,3.83081,3.59377,2.58122,0.53061,0.52933,0.53129,0.43664,0.07466,0.06968,0.03156,0.42812,0.0598,0.03257,0.00977,2.46809,3.78187,3.66706,2.62887,0,0,0,0.000395925,0.000395925,0.000395925
55,1440.11,2.42273,3.95599,3.63947,2.62692,0.5289,0.52839,0.5303,0.44473,0.09646,0.072,0.03279,0.43364,0.04186,0.03124,0.01288,2.45148,3.79184,3.64236,2.58542,0,0,0,0.000387678,0.000387678,0.000387678
56,1466.22,2.51885,3.89809,3.60172,2.60568,0.52805,0.52778,0.52964,0.44082,0.09484,0.06771,0.02855,0.29089,0.04626,0.02276,0.0086,2.42682,3.7845,3.56628,2.59171,0,0,0,0.000379431,0.000379431,0.000379431
57,1491.85,2.46338,3.84789,3.58146,2.61228,0.52759,0.52688,0.52892,0.44404,0.10997,0.07001,0.02969,0.2828,0.04791,0.03028,0.01128,2.42497,3.75035,3.50705,2.57925,0,0,0,0.000371185,0.000371185,0.000371185
58,1517.55,2.46821,3.8668,3.56668,2.57914,0.52754,0.52691,0.52873,0.44459,0.10321,0.08311,0.03117,0.42832,0.07422,0.02933,0.00887,2.41562,3.74942,3.51319,2.57727,0,0,0,0.000362938,0.000362938,0.000362938
59,1543.27,2.45735,3.78014,3.53724,2.55792,0.5253,0.52551,0.52745,0.43164,0.10527,0.08121,0.03101,0.43851,0.05947,0.02778,0.00749,2.4398,3.73997,3.5624,2.60218,0,0,0,0.000354691,0.000354691,0.000354691
60,1569.17,2.51062,3.7605,3.48272,2.51809,0.52673,0.52581,0.52777,0.37645,0.11782,0.06706,0.03066,0.28991,0.0661,0.02017,0.0058,2.4376,3.73915,3.60778,2.60286,0,0,0,0.000346445,0.000346445,0.000346445
61,1594.91,2.49186,3.78289,3.53123,2.55291,0.52574,0.52529,0.52703,0.36778,0.11131,0.0841,0.03813,0.30642,0.0848,0.03543,0.01082,2.41363,3.70952,3.47051,2.56504,0,0,0,0.000338198,0.000338198,0.000338198
62,1620.96,2.45049,3.78351,3.4503,2.54639,0.52463,0.52479,0.52664,0.45832,0.11554,0.08967,0.03641,0.29979,0.07072,0.03966,0.01111,2.40879,3.72025,3.45169,2.54956,0,0,0,0.000329951,0.000329951,0.000329951
63,1646.69,2.4168,3.80339,3.46866,2.56017,0.52384,0.52386,0.52569,0.40467,0.11941,0.09577,0.03776,0.31015,0.07647,0.05082,0.01411,2.38757,3.69868,3.44666,2.52901,0,0,0,0.000321705,0.000321705,0.000321705
64,1672.8,2.46704,3.81988,3.44723,2.5704,0.52435,0.52381,0.52568,0.46394,0.10416,0.0959,0.04399,0.33098,0.08638,0.04311,0.0139,2.38055,3.69478,3.37156,2.53225,0,0,0,0.000313458,0.000313458,0.000313458
65,1698.97,2.4478,3.83076,3.36992,2.52788,0.52206,0.52269,0.52448,0.49236,0.12451,0.1056,0.04458,0.34727,0.09194,0.05016,0.01665,2.35648,3.6969,3.38496,2.52618,0,0,0,0.000305211,0.000305211,0.000305211
66,1725.07,2.45538,3.75938,3.36035,2.57478,0.52274,0.52271,0.5247,0.41321,0.1413,0.10229,0.04187,0.3477,0.09079,0.0947,0.03181,2.35305,3.66982,3.36771,2.52689,0,0,0,0.000296964,0.000296964,0.000296964
67,1751.14,2.44579,3.8086,3.35756,2.51524,0.52187,0.52214,0.52376,0.44083,0.09993,0.09534,0.03799,0.32839,0.08689,0.05805,0.01858,2.36599,3.67574,3.3278,2.55137,0,0,0,0.000288718,0.000288718,0.000288718
68,1776.8,2.44109,3.76134,3.36336,2.5532,0.52064,0.52147,0.52331,0.43,0.14291,0.10043,0.0422,0.30453,0.09518,0.0497,0.01822,2.36064,3.69096,3.33947,2.53547,0,0,0,0.000280471,0.000280471,0.000280471
69,1802.48,2.42359,3.73076,3.39802,2.53111,0.5213,0.52164,0.52324,0.43737,0.12657,0.09549,0.04137,0.31191,0.07921,0.0386,0.01304,2.35808,3.67084,3.33341,2.53115,0,0,0,0.000272224,0.000272224,0.000272224
70,1828.16,2.39247,3.68922,3.40798,2.50132,0.5194,0.52084,0.52231,0.40954,0.14465,0.11482,0.04558,0.32174,0.08249,0.05805,0.01838,2.35494,3.65862,3.28566,2.53972,0,0,0,0.000263978,0.000263978,0.000263978
71,1853.97,2.39954,3.73021,3.30057,2.48826,0.51902,0.52049,0.52208,0.28931,0.14323,0.1147,0.04905,0.19599,0.10987,0.04924,0.01543,2.35027,3.66371,3.2235,2.51534,0,0,0,0.000255731,0.000255731,0.000255731
72,1879.79,2.45809,3.76624,3.26418,2.4736,0.52045,0.52109,0.5224,0.61934,0.09866,0.10262,0.04219,0.15284,0.14858,0.04599,0.01451,2.35731,3.6496,3.32677,2.50067,0,0,0,0.000247484,0.000247484,0.000247484
73,1905.67,2.40634,3.74871,3.34441,2.47878,0.51859,0.51992,0.52131,0.34017,0.16405,0.10584,0.04498,0.25546,0.16098,0.06666,0.01994,2.35553,3.62491,3.2935,2.50034,0,0,0,0.000239238,0.000239238,0.000239238
74,1931.47,2.3613,3.68721,3.31593,2.46596,0.52048,0.52017,0.52179,0.26272,0.17857,0.10172,0.04477,0.18492,0.16753,0.06065,0.01861,2.31214,3.60379,3.20775,2.47637,0,0,0,0.000230991,0.000230991,0.000230991
75,1957.3,2.42877,3.69159,3.26572,2.47605,0.5181,0.51928,0.52105,0.28251,0.1659,0.11209,0.04425,0.20032,0.15212,0.06263,0.02024,2.31592,3.60885,3.19676,2.49143,0,0,0,0.000222744,0.000222744,0.000222744
76,1983.14,2.3569,3.78842,3.38709,2.53865,0.52031,0.5201,0.52176,0.32371,0.21781,0.16887,0.05932,0.20992,0.21309,0.11315,0.03469,2.3364,3.60261,3.18549,2.49356,0,0,0,0.000214497,0.000214497,0.000214497
77,2009.19,2.35732,3.7205,3.25508,2.49124,0.51861,0.51955,0.52109,0.18435,0.21314,0.12853,0.05529,0.1302,0.20567,0.11838,0.03565,2.31026,3.59297,3.16306,2.4672,0,0,0,0.000206251,0.000206251,0.000206251
78,2035.07,2.40146,3.67376,3.25372,2.44378,0.51793,0.51927,0.52072,0.26485,0.26976,0.12675,0.04915,0.19579,0.21911,0.08819,0.0287,2.30475,3.59281,3.15357,2.46462,0,0,0,0.000198004,0.000198004,0.000198004
79,2060.92,2.34931,3.68094,3.19068,2.47352,0.51631,0.51846,0.51988,0.25925,0.17341,0.13324,0.04788,0.0816,0.19916,0.0774,0.0201,2.29244,3.59935,3.22161,2.45921,0,0,0,0.000189757,0.000189757,0.000189757
80,2086.71,2.42683,3.70232,3.23815,2.46236,0.51637,0.51847,0.52004,0.11675,0.15693,0.11851,0.04839,0.09287,0.15981,0.06937,0.02019,2.27725,3.59595,3.16618,2.43709,0,0,0,0.000181511,0.000181511,0.000181511
81,2112.53,2.34138,3.68492,3.20309,2.41795,0.51721,0.51843,0.52001,0.30419,0.16621,0.13536,0.05761,0.11147,0.14667,0.08358,0.02685,2.26841,3.5748,3.13404,2.43529,0,0,0,0.000173264,0.000173264,0.000173264
82,2138.4,2.35879,3.73815,3.21244,2.46178,0.51613,0.51805,0.51947,0.35852,0.23851,0.1581,0.06893,0.13892,0.21639,0.10117,0.03303,2.27452,3.57237,3.12377,2.4378,0,0,0,0.000165017,0.000165017,0.000165017
83,2164.4,2.33427,3.719,3.21024,2.46095,0.5149,0.51808,0.51926,0.22626,0.2591,0.15853,0.07068,0.13684,0.19255,0.09786,0.0334,2.25912,3.5807,3.064,2.43203,0,0,0,0.000156771,0.000156771,0.000156771
84,2190.48,2.41256,3.68962,3.14374,2.40558,0.51526,0.51758,0.51908,0.25737,0.26118,0.18632,0.07527,0.15252,0.19228,0.11563,0.04471,2.24733,3.58611,3.02956,2.42763,0,0,0,0.000148524,0.000148524,0.000148524
85,2216.52,2.33579,3.68281,3.12573,2.4122,0.5148,0.51725,0.51872,0.34253,0.25623,0.20682,0.07923,0.289,0.19035,0.14339,0.0563,2.24079,3.54247,3.0167,2.42006,0,0,0,0.000140277,0.000140277,0.000140277
86,2242.52,2.3633,3.70584,3.16718,2.43214,0.51597,0.51737,0.51877,0.30922,0.26389,0.2296,0.08384,0.2231,0.20303,0.16445,0.05707,2.24063,3.52924,3.004,2.41818,0,0,0,0.000132031,0.000132031,0.000132031
87,2268.54,2.37879,3.74675,3.13565,2.4413,0.51425,0.51691,0.51839,0.32341,0.24027,0.17853,0.0691,0.22177,0.21837,0.10952,0.03861,2.23587,3.53667,2.98962,2.4146,0,0,0,0.000123784,0.000123784,0.000123784
88,2294.23,2.30871,3.64901,3.18346,2.44533,0.51523,0.5172,0.51866,0.32001,0.21625,0.14809,0.06279,0.13157,0.21041,0.10096,0.02815,2.22962,3.54654,3.00345,2.39671,0,0,0,0.000115537,0.000115537,0.000115537
89,2320.05,2.33978,3.75864,3.16853,2.42923,0.51461,0.51669,0.51822,0.32245,0.29155,0.18801,0.07907,0.1856,0.26296,0.11897,0.03544,2.23159,3.53387,3.00346,2.39204,0,0,0,0.00010729,0.00010729,0.00010729
90,2345.83,2.30465,3.67092,3.18501,2.43802,0.51522,0.51713,0.51844,0.32312,0.25383,0.18258,0.08022,0.18418,0.23563,0.13485,0.0396,2.23995,3.53425,2.99116,2.40191,0,0,0,9.90437e-05,9.90437e-05,9.90437e-05
91,2373.72,2.39628,3.75447,3.421,2.47998,0.51824,0.51763,0.51899,0.33311,0.29985,0.17811,0.07303,0.26056,0.20535,0.12733,0.03996,2.2489,3.53655,3.01711,2.4092,0,0,0,9.0797e-05,9.0797e-05,9.0797e-05
92,2399.58,2.37648,3.70365,3.31075,2.49762,0.51769,0.51751,0.51901,0.441,0.25946,0.18906,0.07975,0.29917,0.18758,0.11212,0.03923,2.23932,3.54138,3.01232,2.40614,0,0,0,8.25503e-05,8.25503e-05,8.25503e-05
93,2425.54,2.38542,3.60837,3.16149,2.43749,0.51782,0.51762,0.5191,0.4577,0.24194,0.18944,0.07734,0.19127,0.18101,0.11293,0.03809,2.22432,3.53174,3.0242,2.39734,0,0,0,7.43036e-05,7.43036e-05,7.43036e-05
94,2451.44,2.3065,3.64586,3.14364,2.38575,0.51557,0.51693,0.51816,0.26511,0.19631,0.1821,0.07609,0.1694,0.2259,0.11346,0.03771,2.20815,3.53187,3.01991,2.38228,0,0,0,6.60569e-05,6.60569e-05,6.60569e-05
95,2477.29,2.31303,3.64327,3.14113,2.43302,0.51684,0.51718,0.51856,0.23166,0.2856,0.18424,0.07808,0.14396,0.23793,0.11656,0.03829,2.19943,3.53141,3.0099,2.37226,0,0,0,5.78102e-05,5.78102e-05,5.78102e-05
96,2503.18,2.309,3.6364,3.12469,2.37758,0.51526,0.51678,0.51799,0.24762,0.29323,0.18405,0.08152,0.19647,0.24138,0.11307,0.04011,2.19569,3.53505,2.98746,2.37008,0,0,0,4.95635e-05,4.95635e-05,4.95635e-05
97,2529.08,2.32122,3.61647,3.16089,2.4508,0.51628,0.51694,0.51819,0.25576,0.28996,0.1901,0.08719,0.21264,0.23606,0.1234,0.04468,2.19293,3.53402,2.97796,2.36775,0,0,0,4.13168e-05,4.13168e-05,4.13168e-05
98,2555.01,2.29788,3.65758,3.0761,2.3697,0.51555,0.51684,0.51811,0.26713,0.28135,0.20428,0.09022,0.21948,0.22245,0.13966,0.04999,2.18776,3.52715,2.97149,2.36444,0,0,0,3.30701e-05,3.30701e-05,3.30701e-05
99,2580.94,2.33206,3.63839,3.15365,2.4266,0.51667,0.51727,0.51852,0.26739,0.30608,0.20537,0.0911,0.22107,0.24219,0.14252,0.0509,2.18236,3.52137,2.9625,2.36094,0,0,0,2.48234e-05,2.48234e-05,2.48234e-05
100,2607.02,2.31484,3.67188,3.15398,2.43375,0.51614,0.51678,0.51826,0.26893,0.30729,0.21116,0.09142,0.21617,0.24019,0.14128,0.05043,2.18005,3.51763,2.95243,2.35966,0,0,0,1.65767e-05,1.65767e-05,1.65767e-05
